{
    "attention": [
        [
            1.0,
            0.0,
            0.0,
            0.0,
            0.0,
            0.0,
            0.0
        ],
        [
            0.5744167566299438,
            0.4255831837654114,
            0.0,
            0.0,
            0.0,
            0.0,
            0.0
        ],
        [
            0.5793651342391968,
            0.20693819224834442,
            0.2136966586112976,
            0.0,
            0.0,
            0.0,
            0.0
        ],
        [
            0.5417962074279785,
            0.14110760390758514,
            0.1554357409477234,
            0.16166046261787415,
            0.0,
            0.0,
            0.0
        ],
        [
            0.5287877917289734,
            0.10256557911634445,
            0.11456258594989777,
            0.12339341640472412,
            0.13069063425064087,
            0.0,
            0.0
        ],
        [
            0.5001556277275085,
            0.08599656075239182,
            0.09575109928846359,
            0.10436666011810303,
            0.10409940034151077,
            0.10963063687086105,
            0.0
        ],
        [
            0.4795590043067932,
            0.07107200473546982,
            0.08276107162237167,
            0.09330315887928009,
            0.09866221249103546,
            0.08730210363864899,
            0.08734051883220673
        ]
    ],
    "n_heads": 12,
    "n_layers": 12,
    "tokens": [
        "<|endoftext|>",
        "The",
        " cat",
        " sat",
        " on",
        " the",
        " mat"
    ]
}
