{
    "attention": [
        [
            1.0,
            0.0,
            0.0,
            0.0,
            0.0,
            0.0,
            0.0,
            0.0,
            0.0
        ],
        [
            0.6118594408035278,
            0.38814055919647217,
            0.0,
            0.0,
            0.0,
            0.0,
            0.0,
            0.0,
            0.0
        ],
        [
            0.5998440980911255,
            0.19089753925800323,
            0.2092583179473877,
            0.0,
            0.0,
            0.0,
            0.0,
            0.0,
            0.0
        ],
        [
            0.54197096824646,
            0.13057158887386322,
            0.16048264503479004,
            0.16697479784488678,
            0.0,
            0.0,
            0.0,
            0.0,
            0.0
        ],
        [
            0.531199038028717,
            0.09734686464071274,
            0.11710673570632935,
            0.1269405484199524,
            0.12740682065486908,
            0.0,
            0.0,
            0.0,
            0.0
        ],
        [
            0.5450258851051331,
            0.06692065298557281,
            0.08824487030506134,
            0.09611821174621582,
            0.09765002876520157,
            0.10604047030210495,
            0.0,
            0.0,
            0.0
        ],
        [
            0.47393372654914856,
            0.060817282646894455,
            0.0764097049832344,
            0.08352643251419067,
            0.09167398512363434,
            0.1056932583451271,
            0.10794563591480255,
            0.0,
            0.0
        ],
        [
            0.4579429030418396,
            0.052072037011384964,
            0.06740569323301315,
            0.07256393879652023,
            0.07707232981920242,
            0.08770215511322021,
            0.09722331911325455,
            0.08801761269569397,
            0.0
        ],
        [
            0.4806826412677765,
            0.039715319871902466,
            0.05197565630078316,
            0.058871086686849594,
            0.060842644423246384,
            0.07369229197502136,
            0.08320550620555878,
            0.07637305557727814,
            0.07464185357093811
        ]
    ],
    "n_heads": 12,
    "n_layers": 12,
    "tokens": [
        "<|endoftext|>",
        "Her",
        " name",
        " was",
        " Alex",
        " Hart",
        ".",
        " Tomorrow",
        " Alex"
    ]
}
